"OldPath","NewPath","Usage"
"Resource\2D\Chat.png","Resource\画像\UI\01_会話ウィンドウ画像.png","会話表示で使用"
"Resource\2D\Save.png","Resource\画像\UI\02_セーブ画面画像.png","セーブ画面で使用"
"Resource\2D\Inventory.png","Resource\画像\UI\90_未使用候補_インベントリ画像.png","コード参照なし"
"Resource\2D\Load.png","Resource\画像\UI\91_未使用候補_ロード画面画像.png","コード参照なし"
"Resource\2D\damage.png","Resource\画像\戦闘\01_ダメージ表示画像.png","攻撃・被弾時のダメージ表示で使用"
"Resource\2D\BossLogo.png","Resource\画像\エリア表示\01_ボスエリア表示画像.png","ボスエリア表示で使用"
"Resource\2D\NormalLogo.png","Resource\画像\エリア表示\02_通常エリア表示画像.png","通常エリア表示で使用"
"Resource\2D\icon_hp_up.png","Resource\画像\ショップ\01_最大HP強化アイコン.png","ショップの最大HP強化で使用"
"Resource\2D\icon_attack_up.png","Resource\画像\ショップ\02_攻撃力強化アイコン.png","ショップの攻撃力強化で使用"
"Resource\2D\icon_speed_up.png","Resource\画像\ショップ\03_移動速度強化アイコン.png","ショップの移動速度強化で使用"
"Resource\2D\icon_evade_dist_up.png","Resource\画像\ショップ\04_回避距離強化アイコン.png","ショップの回避距離強化で使用"
"Resource\2D\icon_evade_inv_up.png","Resource\画像\ショップ\05_回避無敵時間強化アイコン.png","ショップの回避無敵時間強化で使用"
"Resource\2D\Shop.png","Resource\画像\ショップ\90_未使用候補_ショップ画像.png","コード参照なし"
"Resource\2D\rule_bg_1.png","Resource\画像\ルール画面\01_ルール画面背景１.png","ルール画面1ページ目で使用"
"Resource\2D\rule_bg_2.png","Resource\画像\ルール画面\02_ルール画面背景２.png","ルール画面2ページ目で使用"
"Resource\2D\mori.png","Resource\画像\背景\90_未使用候補_森背景画像.png","コード参照なし"
"Resource\BGM\natsuyasuminotanken.mp3","Resource\音源\BGM\01_タイトル画面BGM.mp3","タイトル画面で使用"
"Resource\BGM\MusMus-BGM-081.mp3","Resource\音源\BGM\02_ゲーム中BGM.mp3","ゲームプレイ中で使用"
"Resource\BGM\MusMus-BGM-084.mp3","Resource\音源\BGM\03_リザルト画面BGM.mp3","リザルト画面で使用"
"Resource\BGM\kamituku.mp3","Resource\音源\BGM\90_未使用候補_神つくBGM.mp3","コード参照なし"
"Resource\BGM\maou_14_shining_star.mp3","Resource\音源\BGM\91_未使用候補_シャイニングスターBGM.mp3","コード参照なし"
"Resource\BGM\MusMus-BGM-094.mp3","Resource\音源\BGM\92_未使用候補_BGM０９４.mp3","コード参照なし"
"Resource\BGM\MusMus-BGM-125.mp3","Resource\音源\BGM\93_未使用候補_BGM１２５.mp3","コード参照なし"
"Resource\BGM\MusMus-BGM-162.mp3","Resource\音源\BGM\94_未使用候補_BGM１６２.mp3","コード参照なし"
"Resource\BGM\VSQSE_1089_bird_10.mp3","Resource\音源\BGM\95_未使用候補_鳥の環境音.mp3","コード参照なし"
"Resource\BGM\VSQSE_1103_mountain_01.mp3","Resource\音源\BGM\96_未使用候補_山の環境音.mp3","コード参照なし"
"Resource\SE\se_fire_magic01.mp3","Resource\音源\SE\01_火魔法効果音.mp3","敵魔法発射時に使用"
"Resource\SE\se_swing13-1.mp3","Resource\音源\SE\02_通常攻撃効果音.mp3","プレイヤー通常攻撃で使用"
"Resource\SE\se_sword6.mp3","Resource\音源\SE\03_スライド攻撃効果音.mp3","スライド攻撃で使用"
"Resource\SE\バタンと倒れる.mp3","Resource\音源\SE\04_スライド移動効果音.mp3","スライド移動で使用"
"Resource\SE\回復魔法2.mp3","Resource\音源\SE\05_回復効果音.mp3","回復アイテム使用時に使用"
"Resource\SE\ジャンプ.mp3","Resource\音源\SE\06_ジャンプ効果音.mp3","ジャンプ時に使用"
"Resource\SE\ワープ.mp3","Resource\音源\SE\07_ワープ効果音.mp3","ワープ時に使用"
"Resource\SE\ステータス上昇魔法2.mp3","Resource\音源\SE\08_能力上昇効果音.mp3","能力上昇アイテム使用時に使用"
"Resource\SE\レジスターで精算.mp3","Resource\音源\SE\09_購入効果音.mp3","ショップ購入成功時に使用"
"Resource\SE\決定ボタンを押す7.mp3","Resource\音源\SE\10_決定効果音.mp3","メニュー決定時に使用"
"Resource\SE\メニューを開く4.mp3","Resource\音源\SE\11_メニュー効果音.mp3","メニュー操作・エラー音で使用"
"Resource\SE\maou_se_system49.mp3","Resource\音源\SE\90_未使用候補_システム効果音.mp3","コード参照なし"
"Resource\CSV\stage_objects.csv","Resource\データ\CSV\01_ステージ配置データ.csv","ステージ上の木・岩・壁などの配置で使用"
"Resource\CSV\items.csv","Resource\データ\CSV\02_アイテムデータ.csv","アイテム定義データ（現状コード参照なし）"
"Resource\Model\T.mv1","Resource\3Dモデル\キャラクターとアニメーション\01_人型キャラクターモデル.mv1","プレイヤー・通常敵の本体モデルで使用"
"Resource\Model\monster.mv1","Resource\3Dモデル\キャラクターとアニメーション\02_敵モンスターモデル.mv1","敵モンスターの本体モデルで使用"
"Resource\Model\Boss1.mv1","Resource\3Dモデル\キャラクターとアニメーション\03_ボスモデル.mv1","ボス敵の本体モデルで使用"
"Resource\Model\shop.mv1","Resource\3Dモデル\キャラクターとアニメーション\04_ショップ店員モデル.mv1","ショップ店員モデルで使用"
"Resource\Model\Idle.mv1","Resource\3Dモデル\キャラクターとアニメーション\11_待機アニメーション.mv1","プレイヤー・敵・店員の待機で使用"
"Resource\Model\Run.mv1","Resource\3Dモデル\キャラクターとアニメーション\12_走りアニメーション.mv1","プレイヤー・敵・店員の走りで使用"
"Resource\Model\Dying.mv1","Resource\3Dモデル\キャラクターとアニメーション\13_死亡アニメーション.mv1","敵の死亡で使用"
"Resource\Model\MagicAttack.mv1","Resource\3Dモデル\キャラクターとアニメーション\14_魔法攻撃アニメーション.mv1","魔法攻撃で使用"
"Resource\Model\Attack.mv1","Resource\3Dモデル\キャラクターとアニメーション\15_攻撃アニメーション１.mv1","敵攻撃・プレイヤースライド攻撃で使用"
"Resource\Model\Attack_3.mv1","Resource\3Dモデル\キャラクターとアニメーション\16_通常攻撃アニメーション.mv1","プレイヤー通常攻撃で使用"
"Resource\Model\Jump Attack.mv1","Resource\3Dモデル\キャラクターとアニメーション\17_ジャンプ攻撃アニメーション.mv1","プレイヤー・ボス・敵のジャンプ攻撃で使用"
"Resource\Model\kaihi.mv1","Resource\3Dモデル\キャラクターとアニメーション\18_回避アニメーション.mv1","プレイヤー回避で使用"
"Resource\Model\Attack_player.mv1","Resource\3Dモデル\キャラクターとアニメーション\未使用候補\01_プレイヤー攻撃アニメーション旧版.mv1","コード参照なし"
"Resource\Model\Charge.mv1","Resource\3Dモデル\キャラクターとアニメーション\未使用候補\02_チャージアニメーション.mv1","コード参照なし"
"Resource\Model\Female Action Pose.mv1","Resource\3Dモデル\キャラクターとアニメーション\未使用候補\03_女性アクションポーズ.mv1","コード参照なし"
"Resource\Model\Great Sword Slash.mv1","Resource\3Dモデル\キャラクターとアニメーション\未使用候補\04_大剣斬撃アニメーション.mv1","コード参照なし"
"Resource\Model\Gunplay.mv1","Resource\3Dモデル\キャラクターとアニメーション\未使用候補\05_銃アクションアニメーション.mv1","コード参照なし"
"Resource\Model\Jump.mv1","Resource\3Dモデル\キャラクターとアニメーション\未使用候補\06_ジャンプアニメーション.mv1","コード参照なし"
"Resource\Model\Jumping Up.mv1","Resource\3Dモデル\キャラクターとアニメーション\未使用候補\07_上昇ジャンプアニメーション.mv1","コード参照なし"
"Resource\Model\Knight D Pelegrini.mv1","Resource\3Dモデル\キャラクターとアニメーション\未使用候補\08_騎士モデル.mv1","コード参照なし"
"Resource\Model\Knight D Pelegrini.fbx","Resource\3Dモデル\キャラクターとアニメーション\未使用候補\09_騎士元モデル.fbx","コード参照なし"
"Resource\Model\Landing.mv1","Resource\3Dモデル\キャラクターとアニメーション\未使用候補\10_着地アニメーション.mv1","コード参照なし"
"Resource\Model\LAttack.mv1","Resource\3Dモデル\キャラクターとアニメーション\未使用候補\11_左攻撃アニメーション.mv1","コード参照なし"
"Resource\Model\Player.mv1","Resource\3Dモデル\キャラクターとアニメーション\未使用候補\12_プレイヤーモデル旧版.mv1","コード参照なし"
"Resource\Model\Running Slide.mv1","Resource\3Dモデル\キャラクターとアニメーション\未使用候補\13_走りスライドアニメーション.mv1","コード参照なし"
"Resource\Model\Slash.mv1","Resource\3Dモデル\キャラクターとアニメーション\未使用候補\14_斬撃アニメーション.mv1","コード参照なし"
"Resource\Model\Slide.mv1","Resource\3Dモデル\キャラクターとアニメーション\未使用候補\15_スライドアニメーション.mv1","コード参照なし"
"Resource\Model\Jump Attack.fbm","Resource\3Dモデル\キャラクターとアニメーション\素材一式\Jump Attack.fbm","モデル・アニメーション用の元テクスチャ素材一式"
"Resource\Model\Knight D Pelegrini.fbm","Resource\3Dモデル\キャラクターとアニメーション\素材一式\Knight D Pelegrini.fbm","モデル・アニメーション用の元テクスチャ素材一式"
"Resource\Model\Paladin J Nordstrom.fbm","Resource\3Dモデル\キャラクターとアニメーション\素材一式\Paladin J Nordstrom.fbm","モデル・アニメーション用の元テクスチャ素材一式"
"Resource\Model\Paladin WProp J Nordstrom (1).fbm","Resource\3Dモデル\キャラクターとアニメーション\素材一式\Paladin WProp J Nordstrom (1).fbm","モデル・アニメーション用の元テクスチャ素材一式"
"Resource\Model\Running Slide.fbm","Resource\3Dモデル\キャラクターとアニメーション\素材一式\Running Slide.fbm","モデル・アニメーション用の元テクスチャ素材一式"
"Resource\Model\shop.fbm","Resource\3Dモデル\キャラクターとアニメーション\素材一式\shop.fbm","モデル・アニメーション用の元テクスチャ素材一式"
"Resource\Model\T-Pose (1).fbm","Resource\3Dモデル\キャラクターとアニメーション\素材一式\T-Pose (1).fbm","モデル・アニメーション用の元テクスチャ素材一式"
"Resource\Model\Taunt.fbm","Resource\3Dモデル\キャラクターとアニメーション\素材一式\Taunt.fbm","モデル・アニメーション用の元テクスチャ素材一式"
"Resource\Model\Warrok W Kurniawan.fbm","Resource\3Dモデル\キャラクターとアニメーション\素材一式\Warrok W Kurniawan.fbm","モデル・アニメーション用の元テクスチャ素材一式"
"Resource\3D\Sabel.mv1","Resource\3Dモデル\武器\01_剣モデル.mv1","プレイヤー・敵の右手装備で使用"
"Resource\3D\Coin\coin.mv1","Resource\3Dモデル\小物\コイン\01_コインモデル.mv1","コイン用モデル（現状パス参照なし）"
"Resource\3D\low-poly-campfire\source\campfire.mv1","Resource\3Dモデル\小物\焚き火\01_焚き火モデル.mv1","ステージ上の焚き火で使用"
"Resource\3D\low-poly-campfire\source\campfire.fbx","Resource\3Dモデル\小物\焚き火\02_焚き火元モデル.fbx","焚き火モデルの元データ"
"Resource\3D\portal\source\portal.mv1","Resource\3Dモデル\小物\ポータル\01_ポータルモデル.mv1","ボス入口ポータルで使用"
"Resource\3D\portal\source\FloatingIslandAndPortal.fbx","Resource\3Dモデル\小物\ポータル\02_ポータル元モデル.fbx","ポータルモデルの元データ"
"Resource\3D\Rock\mossy-rock\source\Rock Low Poly.mv1","Resource\3Dモデル\小物\岩\01_岩モデル.mv1","ステージ配置データで岩として使用"
"Resource\3D\Rock\mossy-rock\source\rock1_color.jpg","Resource\3Dモデル\小物\岩\02_岩テクスチャ.jpg","岩モデルのテクスチャで使用"
"Resource\3D\Stage\Stage00.mv1","Resource\3Dモデル\ステージ\通常ステージ\01_通常ステージモデル.mv1","ゲーム本編・タイトル・リザルトのステージで使用"
"Resource\3D\Stage\Stage00_c.mv1","Resource\3Dモデル\ステージ\通常ステージ\02_通常ステージ当たり判定モデル.mv1","通常ステージの当たり判定で使用"
"Resource\3D\Stage\Stage01.mv1","Resource\3Dモデル\ステージ\通常ステージ\未使用候補\01_ステージモデル旧版.mv1","コード参照なし"
"Resource\3D\Stage\Stage01_c.mv1","Resource\3Dモデル\ステージ\通常ステージ\未使用候補\02_ステージ当たり判定モデル旧版.mv1","コード参照なし"
"Resource\3D\Stage_casule\source\Parede castelo.mv1","Resource\3Dモデル\ステージ\城壁\01_城壁モデル.mv1","ステージ配置データで城壁として使用"
"Resource\3D\Stage_casule\source\Parede castelo.fbx","Resource\3Dモデル\ステージ\城壁\02_城壁元モデル.fbx","城壁モデルの元データ"
"Resource\3D\stage_sky\source\Flooting_Stage.mv1","Resource\3Dモデル\背景\浮遊島\01_浮遊島モデル.mv1","背景の浮遊島ステージで使用"
"Resource\3D\SkyBox\SkyBox.x","Resource\3Dモデル\背景\空\01_空ドームモデル.x","空背景モデルで使用"
"Resource\3D\SkyBox\sky001.jpg","Resource\3Dモデル\背景\空\02_空テクスチャ.jpg","空背景テクスチャで使用"
"Resource\3D\SkyBox\sky000.jpg","Resource\3Dモデル\背景\空\未使用候補\01_空テクスチャ旧版.jpg","コード参照なし"
"Resource\3D\SkyBox\skydome003.jpg","Resource\3Dモデル\背景\空\未使用候補\02_空ドームテクスチャ旧版.jpg","コード参照なし"
"Resource\3D\Tree_central\tree-gn\source\TreeGen.mv1","Resource\3Dモデル\小物\木\01_木モデル.mv1","ステージ配置データで木として使用"
"Resource\3D\Tree_central\tree-gn\source\TreeGen.fbx","Resource\3Dモデル\小物\木\02_木元モデル.fbx","木モデルの元データ"
"Resource\3D\low-poly-campfire","Resource\3Dモデル\小物\焚き火\素材一式","焚き火モデル用テクスチャ素材一式"
"Resource\3D\portal","Resource\3Dモデル\小物\ポータル\素材一式","ポータルモデル用テクスチャ素材一式"
"Resource\3D\Rock","Resource\3Dモデル\小物\岩\素材一式","岩モデル用テクスチャ素材一式"
"Resource\3D\Stage","Resource\3Dモデル\ステージ\通常ステージ\素材一式","通常ステージ用テクスチャ素材一式"
"Resource\3D\Stage_casule","Resource\3Dモデル\ステージ\城壁\素材一式","城壁モデル用テクスチャ素材一式"
"Resource\3D\stage_sky","Resource\3Dモデル\背景\浮遊島\素材一式","浮遊島モデル用テクスチャ素材一式"
"Resource\3D\Tree_central","Resource\3Dモデル\小物\木\素材一式","木モデル用テクスチャ素材一式"
"Resource\3D\box.mqoz","Resource\3Dモデル\未使用候補\01_箱モデル.mqoz","コード参照なし"
"Resource\3D\bullet.mv1","Resource\3Dモデル\未使用候補\02_弾モデル１.mv1","コード参照なし"
"Resource\3D\bullet1.mv1","Resource\3Dモデル\未使用候補\03_弾モデル２.mv1","コード参照なし"
"Resource\3D\Bush.mv1","Resource\3Dモデル\未使用候補\04_茂みモデル１.mv1","コード参照なし"
"Resource\3D\Bush1.mv1","Resource\3Dモデル\未使用候補\05_茂みモデル２.mv1","コード参照なし"
"Resource\3D\Hero.mv1","Resource\3Dモデル\未使用候補\06_ヒーローモデル.mv1","コード参照なし"
"Resource\3D\MasicAttack.mv1","Resource\3Dモデル\未使用候補\07_魔法攻撃モデル.mv1","コード参照なし"
"Resource\3D\wp.tga","Resource\3Dモデル\未使用候補\08_武器テクスチャ.tga","コード参照なし"
"Resource\effect\MAGICAL\Mahoujin.efkproj","Resource\エフェクト\魔法陣\01_魔法陣エフェクト.efkproj","ポータル上の魔法陣エフェクト読み込みで使用"
"Resource\effect\MAGICAL\Mahoujin.efk","Resource\エフェクト\魔法陣\02_魔法陣エフェクト再生用.efk","ボスポータル演出で使用"
"Resource\effect\Pierre02\JumpAttack.efk","Resource\エフェクト\ジャンプ攻撃\01_ジャンプ攻撃エフェクト.efk","ジャンプ攻撃時のエフェクトで使用"
"Resource\effect\Pierre02\JumpAttack.efkproj","Resource\エフェクト\ジャンプ攻撃\02_ジャンプ攻撃エフェクト編集用.efkproj","ジャンプ攻撃エフェクトの編集用データ"
"Resource\effect\sword\SlideAttackEffect.efkproj","Resource\エフェクト\スライド攻撃\01_スライド攻撃エフェクト.efkproj","スライド攻撃時のエフェクトで使用"
"Resource\effect\sword\SlideAttackEffect.efk","Resource\エフェクト\スライド攻撃\02_スライド攻撃エフェクト再生用.efk","スライド攻撃エフェクトの再生用データ"
"Resource\effect\MAGICAL","Resource\エフェクト\魔法陣\素材一式","魔法陣エフェクト用素材一式"
"Resource\effect\Pierre02","Resource\エフェクト\ジャンプ攻撃\素材一式","ジャンプ攻撃エフェクト用素材一式"
"Resource\effect\sword","Resource\エフェクト\スライド攻撃\素材一式","スライド攻撃エフェクト用素材一式"
